>Eukaryota,Chromista,Chromobiota,Bacillariophyta,Bacillariophyceae,Achnanthales,Cocconeidaceae,Cocconeis,Cocconeis_placentula,>,CATCACTGCAGGAACAATGGAAGAAGTTTATAAACGAGCTGAGTATGCAAAAGCTGTTGGCTCAGTAATTGTTATGATTGATTTAGTAATGGGTTATACGGCGATTCAAAGTGCAGCAATTTGGTCTCGTGATAACGATATGTTATTACATTTACATAGAGCAGGTAACTCTACTTACGCCCGCCAAAAAAATCATGGTATTAATTTCCGTGTTATTTGCAAATGGATGCGTATGTCAGGAGTTGACCATATCCATGCTGGAA
>Eukaryota,Chromista,Chromobiota,Bacillariophyta,Bacillariophyceae,Achnanthales,Cocconeidaceae,Cocconeis,Cocconeis_pediculus,>,CATCACTGCAGGCACAATGGAAGAAGTTTACAAACGAGCAGAGTATGCAAAAGCTGTTGGCTCAGTAATTGTTATGATTGATTTAGTAATGGGTTATACGGCGATTCAAAGTGCAGCAATTTGGTCTCGTGATAATGATATGTTATTACATTTACATAGAGCAGGTAACTCTACTTACGCCCGTCAAAAAAATCATGGTATTAACTTCCGTGTTATTTGCAAATGGATGCGTATGTCAGGGGTTGACCATATCCATGCTGGAA
>Eukaryota,Chromista,Chromobiota,Bacillariophyta,Bacillariophyceae,Achnanthales,Cocconeidaceae,Cocconeis,Cocconeis_placentula,>,CATCACTGCAGGCACAATGGAAGAAGTTTACAAACGAGCTGAGTATGCAAAAGCTGTTGGCTCAGTAATTGTTATGATCGATTTAGTAATGGGTTATACAGCGATTCAAAGTGCAGCAATTTGGTCTCGTGATAACGATATGTTATTACATTTACATAGAGCAGGTAATTCTACTTACGCGCGTCAAAAAAACCATGGCATTAATTTCCGTGTTATTTGCAAATGGATGCGTATGTCAGGCGTTGACCATATCCATGCTGGAA
>Eukaryota,Chromista,Chromobiota,Bacillariophyta,Bacillariophyceae,Achnanthales,Cocconeidaceae,Cocconeis,Cocconeis_placentula,>,CATCACTGCAGGCACAATGGAAGAAGTTTACAAACGAGCTGAGTATGCAAAAGCTGTTGGCTCAGTCATTGTTATGATTGATTTAGTAATGGGTTATACGGCGATTCAAAGTGCAGCAATTTGGTCTCGTGATAACGATATGTTATTACATTTACATAGAGCAGGTAACTCTACTTATGCCCGCCAAAAAAATCATGGTATTAATTTCCGTGTTATTTGCAAATGGATGCGTATGTCAGGGGTTGACCATATTCATGCAGGAA
>Eukaryota,Chromista,Chromobiota,Bacillariophyta,Bacillariophyceae,Achnanthales,Cocconeidaceae,Cocconeis,Cocconeis_placentula,>,CATCACTGCAGGTACAATGGAAGAAGTTTACAAACGAGCTGAGTATGCAAAAGCTGTTGGCTCAATCATTGTTATGATCGATTTAGTAATGGGTTATACGGCCATTCAAAGTGCAGCAATTTGGTCTCGTGATAACGATATGTTATTACATTTACATAGAGCAGGTAACTCTACTTACGCTCGCCAAAAAAATCATGGTATTAATTTCCGTGTTATTTGCAAATGGATGCGTATGTCAGGTGTTGACCATATCCATGCTGGAA
>Eukaryota,Chromista,Chromobiota,Bacillariophyta,Bacillariophyceae,Achnanthales,Cocconeidaceae,Cocconeis,Cocconeidaceae_sp.,>,CATTACGGCAGGTACAATGGAAGAAGTGTACAAACGTGCTGAATATGCTAAAGCTGTAGGTTCAGTAATTGTTATGATCGATTTAGTAATGGGCTATACAGCAATTCAAAGTGCTGCAATCTGGTCTCGTGAAAATGACATGCTTTTACACTTACACCGTGCGGGTAACTCAACATATGCTCGTCAAAAAAATCATGGTATTAATTTCCGTGTAATCTGTAAATGGATGCGTATGTCTGGTGTAGATCACATCCACGCTGGTA
>Eukaryota,Chromista,Chromobiota,Bacillariophyta,Bacillariophyceae,Achnanthales,Cocconeidaceae,Cocconeis,Cocconeis_cupulifera,>,CGTTACAGCTGCAACAATGGAAGAAGTTTACAAACGTTCAGAGTATGCGAAAGAAGTAGGTTCTATCATTATCATGATCGATTTAGTTATGGGTTATACAGCAATTCAAAGTATTGCTTACTGGGCTCGTGAAAATGATATGCTTTTACATTTACACCGTGCAGGTAATTCTACTTATGCACGTCAAAAAAATCACGGTATTAACTTCCGTGTAATTTGTAAATGGATGCGTATGTCTGGTGTAGATCATATCCACGCTGGTA
>Eukaryota,Chromista,Chromobiota,Bacillariophyta,Bacillariophyceae,Achnanthales,Cocconeidaceae,Cocconeis,Cocconeidaceae_sp.,>,CGTTACTGCAGGTACAATGGAAGAAGTGTACAAACGTGCTGAATACGCTAAAGCGGTAGGTTCAGTAATTATCATGATCGATTTAGTAATGGGTTACACAGCAATTCAAAGTATTGCTATTTGGGCTCGTGAAAACGATATGCTTTTACATTTACACCGTGCAGGTAACTCTACTTACGCTCGTCAAAAAAACCATGGTATCAACTTCCGTGTGATTTGTAAATGGATGCGTATGTCTGGTGTAGATCATATTCACGCAGGTA
>Eukaryota,Chromista,Chromobiota,Bacillariophyta,Bacillariophyceae,Achnanthales,Cocconeidaceae,Cocconeis,Cocconeis_mascarenica,>,CGTTACTGCAGGTACAATGGAAGAAGTGTACAAACGTGCTGAATACGCTAAAGCTGTAGGTTCAGTAATTATCATGATCGATTTAGTAATGGGTTACACAGCAATCCAAAGTATTGCTATTTGGGCTCGTGAAAACGATATGCTTTTACATTTACACCGTGCGGGTAACTCTACTTACGCTCGTCAAAAAAACCATGGTATCAACTTCCGTGTTATTTGTAAATGGATGCGTATGTCTGGTGTAGATCATATTCACGCTGGTA
>Eukaryota,Chromista,Chromobiota,Bacillariophyta,Bacillariophyceae,Achnanthales,Cocconeidaceae,Cocconeis,Cocconeis_sp.,>,CGTTACTGCAGGTACAATGGAAGAAGTGTACAAACGTGCTGAGTACGCTAAAGCTGTTGGTTCAGTCATTATTATGATCGATCTAGTAATGGGTTACACAGCAATCCAAAGTATTGCTCTTTGGTCTCGTGACAACGATATGGTTTTACATTTACACCGTGCAGGTAACTCAACTTACGCTCGTCAAAAAAATCATGGTATTAACTTCCGTGTTATTTGTAAATGGATGCGTATGTGTGGTGTAGATCATATCCACGCTGGTA
>Eukaryota,Chromista,Chromobiota,Bacillariophyta,Bacillariophyceae,Achnanthales,Cocconeidaceae,Cocconeis,Cocconeis_sp.,>,TATTACTGCAGGTACAATGGAAGAAGTGTACAAACGTGCTGAGTATGCTAAAGCTGTTGGTTCAGTAATTGTAATGATTGATTTAGTAATGGGCTATACAGCAATTCAAAGTGCTGCTATTTGGTCTCGTGAAAATGATATGGTTTTACATTTACACCGTGCAGGGAACTCAACATACGCTCGTCAAAAAAATCATGGTATTAATTTCCGTGTAATTTGTAAATGGATGCGTATGTCTGGTGTAGATCATATCCACGCTGGTA
