row_number,asv_sequence,r1,r2,r3,r4,r4,r6
1,CAATAGCGTATATTTAAGTTGTTGCAGTTAAAAAGCTCGTAGTTGGACTTTGGGTTGGGTCGGCCGGTCCGCCTTTTGGTGTGCACCGACTGTCTTGTCCCTTCTGCTGGTGATGCGTTCCTGTCCTTAGTTGGTCGGGTCGTGCCTCCGGCGCTGTTACTTTGAAGAAATTAGAGTGCTCAAAGCAAGCCTACGCTCTG,Eukaryota,Phragmoplastophyta,Embryophyta,Liliopsida,Incertae_Sedis_fa,Zostera
36,CAATAGCGTATATTTAAGTTGTTGCAGTTAAAAAGCTCGTAGTTGGACATTGGGTTGGGTCGGCCGGTCCGCCTTTTGGTGTGCACCGACTGTCTTGTCCCTTCTGCTGGTGATGCGTTCCTGTCCTTAGTTGGTCGGGTCGTGCCTCCGGCGCTGTTACTTTGAAGAAATTAGAGTGCTCAAAGCAAGCCTACGCTCTG,Eukaryota,Phragmoplastophyta,Embryophyta,Liliopsida,Incertae_Sedis_fa,Zostera
55,CAATAGCGTATATTTAAGTTGTTGCAGTTAAAAAGCTCGTAGTTGGACTTTGGGTTGGGTCTGCCGGTCCGCCTTTTGGTGTGCACCGACTGTCTTGTCCCTTCTGCTGGTGATGCGTTCCTGTCCTTAGTTGGTCGGGTCGTGCCTCCGGCGCTGTTACTTTGAAGAAATTAGAGTGCTCAAAGCAAGCCTACGCTCTG,Eukaryota,Phragmoplastophyta,Embryophyta,Liliopsida,Incertae_Sedis_fa,Zostera
269,CAATAGCGTATATTTAAGTTGTTGTAGTTAAAAAGCTCGTAGTTGGACTTTGGGTTGGGTCGGCCGGTCCGCCTTTTGGTGTGCACCGACTGTCTTGTCCCTTCTGCTGGTGATGCGTTCCTGTCCTTAGTTGGTCGGGTCGTGCCTCCGGCGCTGTTACTTTGAAGAAATTAGAGTGCTCA,Eukaryota,Phragmoplastophyta,Embryophyta,Liliopsida,Incertae_Sedis_fa,Zostera
272,CAATAGCGTATATTTAAGTTGTTGCAGTTAAAAAGCTCGTAGTTGGACTTTGGGTTGGGTCGGCCGGTCCGCCTTTTGGTGTGCACCGACTGTCTTGTCCCTTCTGCTGGTGACGCGTTCCTGTCCTTAGTTGGTCGGGTCGTGCCTCCGGCGCTGTTACTTTGAAGAAATTAGAGTGCTCAAAGCAAGCCTACGCTCTG,Eukaryota,Phragmoplastophyta,Embryophyta,Liliopsida,Incertae_Sedis_fa,Zostera
301,CAATAGCGTATATTTAAGTTGTTGCAGTTAAAAAGCTCGTAGTTGGACTTTGGGTTGGGTCGGCCGGTCCGCCTTTTGGTGTGCACCGACTGTCTTGTCCCTTCTGCTGGTGATGCGTTCCTGTCCTTAGTTGGTCGGGTCTTGTCTCCGGCGCTGTTACTTTGAAGAAATTAGAGTGCTCAAAGCAAGCCTACGCTCTG,Eukaryota,Phragmoplastophyta,Embryophyta,Liliopsida,Incertae_Sedis_fa,Zostera
406,CAATAGCGTATATTTAAGTTGTTGCAGTTAAAAAGCTCGTAGTTGGACTTTGGGTTGGGTCGGCCGGTCCGCCTTTTGGTGTGCACCGACTGTCTTGTCCCTTCTGCTGGTGATACGTTCCTGTCCTTAGTTGGTCGGGTCGTGCCTCCGGCGCTGTTACTTAGAAGAAATTAGAGTGCTCAAAGCAAGCCTACGCTCTG,Eukaryota,Phragmoplastophyta,Embryophyta,Liliopsida,Incertae_Sedis_fa,Zostera
444,CAATAGCGTATATTTAAGTTGTTGCAGGTAAAAAGCTCGTAGTTGGACTTTGGGTTGGGTCAGCCGGTCCGCCTTTTGTTGTGCACCGACTGTCTTGTCCCTTCTGCTGGTGATGCGTTCCTGTCCTTAGTTGGTCGGGTCGTGTCTCCGGCGCTGTTACTTTGAAGAAATTAGAGTGCTCAAAGCAAGCCTACGCTCTG,Eukaryota,Phragmoplastophyta,Embryophyta,Liliopsida,Incertae_Sedis_fa,Zostera
484,CAATAGTGTATATTTAAGTTGTTGCAGTTAAAAAGCTCATAGTTGGACATTGGGTTGGGTCGGCCGGTCCGCCTTTTGGTGTGCACCGACTGTCTTGTCCCTTCTGCTGGTGATGCGTTCCTGTCCTTAGTTGGTCGGGTCGTGCCTCCGGCGCTGTTACTTTGAAGAAATTAGAGTGCTCA,Eukaryota,Phragmoplastophyta,Embryophyta,Liliopsida,Incertae_Sedis_fa,Zostera
496,CAATAGCGTATTGCAGTTAAAAAGCTCGTAGTTGGACTTTGGGTTGGGTCGGCCGGTCCGCCTTTTGGTGTGCACCGACTGTCTTGTCCCTTCTGCTGGTGATGCGTTCCTGTCCTTAGTTGGTCGGGTCGTGCCTCCGGCGCTGTTACTTTGAAGAAATTAGAGTGCTCAAAGCAAGCCTACGCTCTGTATACATTAGC,Eukaryota,Phragmoplastophyta,Embryophyta,Liliopsida,Incertae_Sedis_fa,Zostera
564,CAATAGCGTATATTTAAGTTGTTGCAGTTAAAAAGCTCGTAGTTGGACTTTGGGTTGGGTCGGCCGGTCCGCCTTTTGGTGTGCACCGACTGTCTTGTCCCTTCTGCTGGTGATGCGTTCTTGTCCTTAGTTGGTCGGGTCGTGCCTCCGGCGCTGTTACTTTGAAGAAATTAGAGTGCTCA,Eukaryota,Phragmoplastophyta,Embryophyta,Liliopsida,Incertae_Sedis_fa,Zostera
604,CAATAGCGTATATTTAAGTTGTTGCAGTTAAAAAGCTCGTAGTTGGACTTTGGGTTGGGTCGGCCGGTCCGCCTTTTGGTGTGCACCGACTGTCTTGTCCCTTCTGCTGGTGATGCATTCCTGTCCTTAGTTGGTCGGGTCGTGCCTCCGGCGCTGTTACTTTGAAGAAATTAGAGTGCTCAAAGCAAGCCTACGCTCTG,Eukaryota,Phragmoplastophyta,Embryophyta,Liliopsida,Incertae_Sedis_fa,Zostera
662,CAATAGCGTATATTTAAGTTGTTGCAGTTAAAAAGCTCATAGTTGGACTTTGGGTTGGGTCGGCCGGTCCGCCTTTTGGTGTGCACCAACTGTCTTGTCCCTTCTGCTGGTGATGCGTTCCTGTCCTTAGTTGGTCGGGTCGTGCCTCCGGCGCTGTTACTTTGAAGAAATTAGAGTGCTCAAAGCAAGCCTACGCTCTG,Eukaryota,Phragmoplastophyta,Embryophyta,Liliopsida,Incertae_Sedis_fa,Zostera
751,CAATAGCGTATATTTAAGTTGTTGTAGTTAAAAAGCTCGTAGTTGGACTTTGGGTTGGGTCGGCCGGTCCGCCTTTTGGTGTGCACCGACTGTCTTGTCCCTTCTGCTGGTGATGCGTTCCTGTCTTTAGTTGGTCGGGTCGTGCCTCCGGCGCTGTTACTTTGAAGAAATTAGAGTGCTCAAAGCAAGCCTACGCTCTG,Eukaryota,Phragmoplastophyta,Embryophyta,Liliopsida,Incertae_Sedis_fa,Zostera
758,CAATAGCGTATATTTAAGTTGTTGCAGTTAAAAAGCTCGTAGTTGGACTTTGGGTTGGGTCGGCCGGTCCGCCTTTTGGTGTGCACCGACTGTCTTGTCCCTTCTGCTGGTGATGCGTTCCTGTCCTTAGTTGGTCGGGTCATGCCTCCGGTGCTGTTACTTTGAAGAAATTAGAGTGCTCAAAGCAAGCCTACGCTCTG,Eukaryota,Phragmoplastophyta,Embryophyta,Liliopsida,Incertae_Sedis_fa,Zostera
772,CAATAGCGTATATTTAAGTTGTTGCAGTTAAAAAGCTCGTAGTTGGACTTTGGGTTGGGTCGGCCGGTCCGCCTTTTGGTGTGCACCGACTGTCTTGTCCCTTCTGTTGATGATGCGTTCCTGTCCTTAGTTGGTCGGGTCGTGCCTCCGGCGCTGTTACTTTGAAGAAATTAGAGTGCTCAAAGCAAGCCTACGCTCTG,Eukaryota,Phragmoplastophyta,Embryophyta,Liliopsida,Incertae_Sedis_fa,Zostera
977,CCCTCTCTTATATTTAAGTTGTTGCAGTTAAAAAGCTCGTAGTTGGACTTTGGGTTGGGTCGGCCGGTCCGCCTTTTGGTGTGCACCGACTGTCTTGTCCCTTCTGCTGGTGATGCGTTCCTGTCCTTAGTTGGTCGGGTCGTGCCTCCGGCGCTGTTACTTTGAAGAAATTAGAGTGCTCAAAGCAAGCCTACGCTCTG,Eukaryota,Phragmoplastophyta,Embryophyta,Liliopsida,Incertae_Sedis_fa,Zostera
1174,CAATAGCGTATATTTCCGTTGTTGCAGTTCCCAAGCTCGTAGTTGGACTTTGGGTTGGGTCGGCCGGTCCGCCTTTTGGTGTGCACCGACTGTCTTGTCCCTTCTGCTGGTGATGCGTTCCTGTCCTTAGTTGGTCGGGTCGTGCCTCCGGCGCTGTTACTTTGAAGAAATTAGAGTGCTCAAAGCAAGCCTACGCTCTG,Eukaryota,Phragmoplastophyta,Embryophyta,Liliopsida,Incertae_Sedis_fa,Zostera
1315,CAATAGCGTATCTTTCAGTTGTTGCCGTTCCCCCGCTCGTAGTTGGACTTTGGGTTGGGTCGGCCGGTCCGCCTTTTGGTGTGCACCGACTGTCTTGTCCCTTCTGCTGGTGATGCGTTCCTGTCCTTAGTTGGTCGGGTCGTGCCTCCGGCGCTGTTACTTTGAAGAAATTAGAGTGCTCAAAGCAAGCCTACGCTCTG,Eukaryota,Phragmoplastophyta,Embryophyta,Liliopsida,Incertae_Sedis_fa,Zostera
